<?xml version="1.0"?>
<!DOCTYPE book PUBLIC "-//OASIS//DTD DocBook XML V4.3//EN"
               "http://www.oasis-open.org/docbook/xml/4.3/docbookx.dtd"
[
  <!ENTITY % local.common.attrib "xmlns:xi  CDATA  #FIXED 'http://www.w3.org/2003/XInclude'">
  <!ENTITY % gtkdocentities SYSTEM "xml/gtkdocentities.ent">
  %gtkdocentities;
]>
<book id="index">
  <bookinfo>
    <title>&package_name; Reference Manual</title>
    <releaseinfo>
      for &package_string;.
      The latest version of this documentation can be found on-line at
      <ulink role="online-location" url="https://www.gnu.org/software/libtasn1/reference/">https://www.gnu.org/software/libtasn1/reference/</ulink>.
    </releaseinfo>
  </bookinfo>

  <chapter>
    <title>GNU Libtasn1 API Reference Manual</title>

    <para>
      This document describes the GNU Libtasn1 library developed for
      ASN.1 (Abstract Syntax Notation One) structures management and
      DER (Distinguished Encoding Rules) encoding functions.
    </para>

    <para>
      More up to date information can be found at
      <ulink url="https://www.gnu.org/software/libtasn1/">
	https://www.gnu.org/software/libtasn1/</ulink>.
    </para>

        <xi:include href="xml/libtasn1.xml"/>

  </chapter>
  <index id="api-index-full">
    <title>API Index</title>
    <xi:include href="xml/api-index-full.xml"><xi:fallback /></xi:include>
  </index>
  <index id="deprecated-api-index" role="deprecated">
    <title>Index of deprecated API</title>
    <xi:include href="xml/api-index-deprecated.xml"><xi:fallback /></xi:include>
  </index>
  <index id="api-index-1-6" role="1.6">
    <title>Index of new API in 1.6</title>
    <xi:include href="xml/api-index-1.6.xml"><xi:fallback /></xi:include>
  </index>
  <index id="api-index-2-0" role="2.0">
    <title>Index of new API in 2.0</title>
    <xi:include href="xml/api-index-2.0.xml"><xi:fallback /></xi:include>
  </index>
  <!-- enable this when you use gobject introspection annotations
  <xi:include href="xml/annotation-glossary.xml"><xi:fallback /></xi:include>
  -->
</book>
